version_name,horizon,asset,driver,contribution
baseline_hrp_default,current,BIL,overlay_cash,0.34999999999999987
baseline_hrp_default,current,BIL,dual_momentum_topn,0.0
baseline_hrp_default,current,BIL,cta_trend_long_only,0.0
baseline_hrp_default,current,BIL,composite_equal_weight,0.0
baseline_hrp_default,current,BIL,composite_regime_conditioned,0.1458208679531307
baseline_hrp_default,current,BIL,taa_10m_sma,0.0
baseline_hrp_default,current,BIL,composite_breadth_filtered,0.0
baseline_hrp_default,current,SPY,overlay_cash,0.0
baseline_hrp_default,current,SPY,dual_momentum_topn,0.014837686354856244
baseline_hrp_default,current,SPY,cta_trend_long_only,0.0013176063301883016
baseline_hrp_default,current,SPY,composite_equal_weight,0.0
baseline_hrp_default,current,SPY,composite_regime_conditioned,0.0
baseline_hrp_default,current,SPY,taa_10m_sma,0.0
baseline_hrp_default,current,SPY,composite_breadth_filtered,0.0
improved_hrp_selective,current,BIL,overlay_cash,0.19999999999999996
improved_hrp_selective,current,BIL,dual_momentum_topn,0.0
improved_hrp_selective,current,BIL,cta_trend_long_only,0.0
improved_hrp_selective,current,BIL,composite_selective_signals,0.0
improved_hrp_selective,current,BIL,composite_regime_conditioned,0.1255959366558222
improved_hrp_selective,current,BIL,taa_10m_sma,0.0
improved_hrp_selective,current,SPY,overlay_cash,0.0
improved_hrp_selective,current,SPY,dual_momentum_topn,0.034414372227541346
improved_hrp_selective,current,SPY,cta_trend_long_only,0.0036286556028507777
improved_hrp_selective,current,SPY,composite_selective_signals,0.0
improved_hrp_selective,current,SPY,composite_regime_conditioned,0.0
improved_hrp_selective,current,SPY,taa_10m_sma,0.0
improved_hrp_recovery_tilt,current,BIL,overlay_cash,0.07999999999999985
improved_hrp_recovery_tilt,current,BIL,dual_momentum_topn,0.0
improved_hrp_recovery_tilt,current,BIL,cta_trend_long_only,0.0
improved_hrp_recovery_tilt,current,BIL,composite_selective_signals,0.0
improved_hrp_recovery_tilt,current,BIL,composite_regime_conditioned,0.11993689059694825
improved_hrp_recovery_tilt,current,BIL,taa_10m_sma,0.0
improved_hrp_recovery_tilt,current,SPY,overlay_cash,0.0
improved_hrp_recovery_tilt,current,SPY,dual_momentum_topn,0.04728670930089111
improved_hrp_recovery_tilt,current,SPY,cta_trend_long_only,0.005091922393900017
improved_hrp_recovery_tilt,current,SPY,composite_selective_signals,0.0
improved_hrp_recovery_tilt,current,SPY,composite_regime_conditioned,0.0
improved_hrp_recovery_tilt,current,SPY,taa_10m_sma,0.0
improved_hrp_recovery_concentrated,current,BIL,overlay_cash,0.07999999999999985
improved_hrp_recovery_concentrated,current,BIL,dual_momentum_topn,0.0
improved_hrp_recovery_concentrated,current,BIL,cta_trend_long_only,0.0
improved_hrp_recovery_concentrated,current,BIL,composite_selective_concentrated,0.0
improved_hrp_recovery_concentrated,current,BIL,composite_regime_conditioned,0.19038504200978396
improved_hrp_recovery_concentrated,current,BIL,taa_10m_sma,0.0
improved_hrp_recovery_concentrated,current,SPY,overlay_cash,0.0
improved_hrp_recovery_concentrated,current,SPY,dual_momentum_topn,0.019895019622591693
improved_hrp_recovery_concentrated,current,SPY,cta_trend_long_only,0.0018684711022741377
improved_hrp_recovery_concentrated,current,SPY,composite_selective_concentrated,0.0
improved_hrp_recovery_concentrated,current,SPY,composite_regime_conditioned,0.0
improved_hrp_recovery_concentrated,current,SPY,taa_10m_sma,0.0
baseline_max_div_default,current,BIL,overlay_cash,0.34999999999999987
baseline_max_div_default,current,BIL,dual_momentum_topn,0.0
baseline_max_div_default,current,BIL,cta_trend_long_only,0.0
baseline_max_div_default,current,BIL,composite_equal_weight,0.0
baseline_max_div_default,current,BIL,composite_regime_conditioned,0.09767522299259469
baseline_max_div_default,current,BIL,taa_10m_sma,0.0
baseline_max_div_default,current,BIL,composite_breadth_filtered,0.0
baseline_max_div_default,current,SPY,overlay_cash,0.0
baseline_max_div_default,current,SPY,dual_momentum_topn,0.006079095311524532
baseline_max_div_default,current,SPY,cta_trend_long_only,0.0029379517809156965
baseline_max_div_default,current,SPY,composite_equal_weight,0.0
baseline_max_div_default,current,SPY,composite_regime_conditioned,0.0
baseline_max_div_default,current,SPY,taa_10m_sma,0.0
baseline_max_div_default,current,SPY,composite_breadth_filtered,0.0
improved_max_div_selective,current,BIL,overlay_cash,0.19999999999999996
improved_max_div_selective,current,BIL,dual_momentum_topn,0.0
improved_max_div_selective,current,BIL,cta_trend_long_only,0.0
improved_max_div_selective,current,BIL,composite_selective_signals,0.0
improved_max_div_selective,current,BIL,composite_regime_conditioned,0.14586179623527123
improved_max_div_selective,current,BIL,taa_10m_sma,0.0
improved_max_div_selective,current,SPY,overlay_cash,0.0
improved_max_div_selective,current,SPY,dual_momentum_topn,0.017400452737589295
improved_max_div_selective,current,SPY,cta_trend_long_only,0.0031234675444255927
improved_max_div_selective,current,SPY,composite_selective_signals,0.0
improved_max_div_selective,current,SPY,composite_regime_conditioned,0.0
improved_max_div_selective,current,SPY,taa_10m_sma,0.0
improved_max_div_recovery_tilt,current,BIL,overlay_cash,0.07999999999999985
improved_max_div_recovery_tilt,current,BIL,dual_momentum_topn,0.0
improved_max_div_recovery_tilt,current,BIL,cta_trend_long_only,0.0
improved_max_div_recovery_tilt,current,BIL,composite_selective_signals,0.0
improved_max_div_recovery_tilt,current,BIL,composite_regime_conditioned,0.1565374410121539
improved_max_div_recovery_tilt,current,BIL,taa_10m_sma,0.0
improved_max_div_recovery_tilt,current,SPY,overlay_cash,0.0
improved_max_div_recovery_tilt,current,SPY,dual_momentum_topn,0.020347678429089106
improved_max_div_recovery_tilt,current,SPY,cta_trend_long_only,0.00399058255235066
improved_max_div_recovery_tilt,current,SPY,composite_selective_signals,0.0
improved_max_div_recovery_tilt,current,SPY,composite_regime_conditioned,0.0
improved_max_div_recovery_tilt,current,SPY,taa_10m_sma,0.0
improved_inverse_vol_recovery_tilt,current,BIL,overlay_cash,0.07999999999999985
improved_inverse_vol_recovery_tilt,current,BIL,dual_momentum_topn,0.0
improved_inverse_vol_recovery_tilt,current,BIL,cta_trend_long_only,0.0
improved_inverse_vol_recovery_tilt,current,BIL,composite_selective_signals,0.0
improved_inverse_vol_recovery_tilt,current,BIL,composite_regime_conditioned,0.13050989495092652
improved_inverse_vol_recovery_tilt,current,BIL,taa_10m_sma,0.0
improved_inverse_vol_recovery_tilt,current,SPY,overlay_cash,0.0
improved_inverse_vol_recovery_tilt,current,SPY,dual_momentum_topn,0.051229393984084444
improved_inverse_vol_recovery_tilt,current,SPY,cta_trend_long_only,0.004689152598940435
improved_inverse_vol_recovery_tilt,current,SPY,composite_selective_signals,0.0
improved_inverse_vol_recovery_tilt,current,SPY,composite_regime_conditioned,0.0
improved_inverse_vol_recovery_tilt,current,SPY,taa_10m_sma,0.0
improved_herc_recovery_tilt,current,BIL,overlay_cash,0.07999999999999996
improved_herc_recovery_tilt,current,BIL,dual_momentum_topn,0.0
improved_herc_recovery_tilt,current,BIL,cta_trend_long_only,0.0
improved_herc_recovery_tilt,current,BIL,composite_selective_signals,0.0
improved_herc_recovery_tilt,current,BIL,composite_regime_conditioned,0.19795932054926865
improved_herc_recovery_tilt,current,BIL,taa_10m_sma,0.0
improved_herc_recovery_tilt,current,SPY,overlay_cash,0.0
improved_herc_recovery_tilt,current,SPY,dual_momentum_topn,0.026876689280242443
improved_herc_recovery_tilt,current,SPY,cta_trend_long_only,0.0024600895616394966
improved_herc_recovery_tilt,current,SPY,composite_selective_signals,0.0
improved_herc_recovery_tilt,current,SPY,composite_regime_conditioned,0.0
improved_herc_recovery_tilt,current,SPY,taa_10m_sma,0.0
improved_hrp_recovery_split,current,BIL,overlay_cash,0.06000000000000005
improved_hrp_recovery_split,current,BIL,dual_momentum_topn,0.0
improved_hrp_recovery_split,current,BIL,cta_trend_long_only,0.0
improved_hrp_recovery_split,current,BIL,composite_selective_signals,0.0
improved_hrp_recovery_split,current,BIL,composite_regime_conditioned,0.12254421430557755
improved_hrp_recovery_split,current,BIL,taa_10m_sma,0.0
improved_hrp_recovery_split,current,SPY,overlay_cash,0.0
improved_hrp_recovery_split,current,SPY,dual_momentum_topn,0.048314681242214816
improved_hrp_recovery_split,current,SPY,cta_trend_long_only,0.0052026163589847995
improved_hrp_recovery_split,current,SPY,composite_selective_signals,0.0
improved_hrp_recovery_split,current,SPY,composite_regime_conditioned,0.0
improved_hrp_recovery_split,current,SPY,taa_10m_sma,0.0
improved_hrp_recovery_split_confirmed_offense,current,BIL,overlay_cash,0.0
improved_hrp_recovery_split_confirmed_offense,current,BIL,dual_momentum_topn,0.0
improved_hrp_recovery_split_confirmed_offense,current,BIL,cta_trend_long_only,0.0
improved_hrp_recovery_split_confirmed_offense,current,BIL,composite_selective_signals,0.0
improved_hrp_recovery_split_confirmed_offense,current,BIL,composite_regime_conditioned,0.11727974124885474
improved_hrp_recovery_split_confirmed_offense,current,BIL,taa_10m_sma,0.0
improved_hrp_recovery_split_confirmed_offense,current,SPY,overlay_cash,0.0
improved_hrp_recovery_split_confirmed_offense,current,SPY,dual_momentum_topn,0.05528149395554642
improved_hrp_recovery_split_confirmed_offense,current,SPY,cta_trend_long_only,0.005952815943468299
improved_hrp_recovery_split_confirmed_offense,current,SPY,composite_selective_signals,0.0
improved_hrp_recovery_split_confirmed_offense,current,SPY,composite_regime_conditioned,0.0
improved_hrp_recovery_split_confirmed_offense,current,SPY,taa_10m_sma,0.0
improved_hrp_recovery_split_confirmed_offense_neutral_ease,current,BIL,overlay_cash,0.0
improved_hrp_recovery_split_confirmed_offense_neutral_ease,current,BIL,dual_momentum_topn,0.0
improved_hrp_recovery_split_confirmed_offense_neutral_ease,current,BIL,cta_trend_long_only,0.0
improved_hrp_recovery_split_confirmed_offense_neutral_ease,current,BIL,composite_selective_signals,0.0
improved_hrp_recovery_split_confirmed_offense_neutral_ease,current,BIL,composite_regime_conditioned,0.11727974124885474
improved_hrp_recovery_split_confirmed_offense_neutral_ease,current,BIL,taa_10m_sma,0.0
improved_hrp_recovery_split_confirmed_offense_neutral_ease,current,SPY,overlay_cash,0.0
improved_hrp_recovery_split_confirmed_offense_neutral_ease,current,SPY,dual_momentum_topn,0.05528149395554642
improved_hrp_recovery_split_confirmed_offense_neutral_ease,current,SPY,cta_trend_long_only,0.005952815943468299
improved_hrp_recovery_split_confirmed_offense_neutral_ease,current,SPY,composite_selective_signals,0.0
improved_hrp_recovery_split_confirmed_offense_neutral_ease,current,SPY,composite_regime_conditioned,0.0
improved_hrp_recovery_split_confirmed_offense_neutral_ease,current,SPY,taa_10m_sma,0.0
improved_hrp_neutral_ease,current,BIL,overlay_cash,0.07999999999999985
improved_hrp_neutral_ease,current,BIL,dual_momentum_topn,0.0
improved_hrp_neutral_ease,current,BIL,cta_trend_long_only,0.0
improved_hrp_neutral_ease,current,BIL,composite_selective_signals,0.0
improved_hrp_neutral_ease,current,BIL,composite_regime_conditioned,0.11993689059694825
improved_hrp_neutral_ease,current,BIL,taa_10m_sma,0.0
improved_hrp_neutral_ease,current,SPY,overlay_cash,0.0
improved_hrp_neutral_ease,current,SPY,dual_momentum_topn,0.04728670930089111
improved_hrp_neutral_ease,current,SPY,cta_trend_long_only,0.005091922393900017
improved_hrp_neutral_ease,current,SPY,composite_selective_signals,0.0
improved_hrp_neutral_ease,current,SPY,composite_regime_conditioned,0.0
improved_hrp_neutral_ease,current,SPY,taa_10m_sma,0.0
improved_hrp_fragile_participation,current,BIL,overlay_cash,0.07999999999999974
improved_hrp_fragile_participation,current,BIL,dual_momentum_topn,0.0
improved_hrp_fragile_participation,current,BIL,cta_trend_long_only,0.0
improved_hrp_fragile_participation,current,BIL,composite_selective_signals,0.0
improved_hrp_fragile_participation,current,BIL,composite_regime_conditioned,0.12542964099797235
improved_hrp_fragile_participation,current,BIL,taa_10m_sma,0.0
improved_hrp_fragile_participation,current,SPY,overlay_cash,0.0
improved_hrp_fragile_participation,current,SPY,dual_momentum_topn,0.045656947759210434
improved_hrp_fragile_participation,current,SPY,cta_trend_long_only,0.004916426585172967
improved_hrp_fragile_participation,current,SPY,composite_selective_signals,0.0
improved_hrp_fragile_participation,current,SPY,composite_regime_conditioned,0.0
improved_hrp_fragile_participation,current,SPY,taa_10m_sma,0.0
improved_hrp_beta_participation,current,BIL,overlay_cash,0.07999999999999985
improved_hrp_beta_participation,current,BIL,dual_momentum_topn,0.0
improved_hrp_beta_participation,current,BIL,cta_trend_long_only,0.0
improved_hrp_beta_participation,current,BIL,composite_selective_signals,0.0
improved_hrp_beta_participation,current,BIL,composite_regime_conditioned,0.11993689059694825
improved_hrp_beta_participation,current,BIL,taa_10m_sma,0.0
improved_hrp_beta_participation,current,SPY,overlay_cash,0.0
improved_hrp_beta_participation,current,SPY,dual_momentum_topn,0.04728670930089111
improved_hrp_beta_participation,current,SPY,cta_trend_long_only,0.005091922393900017
improved_hrp_beta_participation,current,SPY,composite_selective_signals,0.0
improved_hrp_beta_participation,current,SPY,composite_regime_conditioned,0.0
improved_hrp_beta_participation,current,SPY,taa_10m_sma,0.0
improved_hrp_neutral_fragile_combo,current,BIL,overlay_cash,0.07999999999999974
improved_hrp_neutral_fragile_combo,current,BIL,dual_momentum_topn,0.0
improved_hrp_neutral_fragile_combo,current,BIL,cta_trend_long_only,0.0
improved_hrp_neutral_fragile_combo,current,BIL,composite_selective_signals,0.0
improved_hrp_neutral_fragile_combo,current,BIL,composite_regime_conditioned,0.12542964099797235
improved_hrp_neutral_fragile_combo,current,BIL,taa_10m_sma,0.0
improved_hrp_neutral_fragile_combo,current,SPY,overlay_cash,0.0
improved_hrp_neutral_fragile_combo,current,SPY,dual_momentum_topn,0.045656947759210434
improved_hrp_neutral_fragile_combo,current,SPY,cta_trend_long_only,0.004916426585172967
improved_hrp_neutral_fragile_combo,current,SPY,composite_selective_signals,0.0
improved_hrp_neutral_fragile_combo,current,SPY,composite_regime_conditioned,0.0
improved_hrp_neutral_fragile_combo,current,SPY,taa_10m_sma,0.0
improved_hrp_strength_weighted_selective,current,BIL,overlay_cash,0.07999999999999985
improved_hrp_strength_weighted_selective,current,BIL,dual_momentum_topn,0.0
improved_hrp_strength_weighted_selective,current,BIL,cta_trend_long_only,0.0
improved_hrp_strength_weighted_selective,current,BIL,composite_selective_strength_weighted,0.0
improved_hrp_strength_weighted_selective,current,BIL,composite_regime_conditioned,0.1230075345054965
improved_hrp_strength_weighted_selective,current,BIL,taa_10m_sma,0.0
improved_hrp_strength_weighted_selective,current,SPY,overlay_cash,0.0
improved_hrp_strength_weighted_selective,current,SPY,dual_momentum_topn,0.04732188060028249
improved_hrp_strength_weighted_selective,current,SPY,cta_trend_long_only,0.005153520723915577
improved_hrp_strength_weighted_selective,current,SPY,composite_selective_strength_weighted,0.0
improved_hrp_strength_weighted_selective,current,SPY,composite_regime_conditioned,0.0
improved_hrp_strength_weighted_selective,current,SPY,taa_10m_sma,0.0
improved_hrp_good_state_offense,current,BIL,overlay_cash,0.07999999999999985
improved_hrp_good_state_offense,current,BIL,dual_momentum_topn,0.0
improved_hrp_good_state_offense,current,BIL,cta_trend_long_only,0.0
improved_hrp_good_state_offense,current,BIL,composite_selective_signals,0.0
improved_hrp_good_state_offense,current,BIL,composite_regime_conditioned,0.11993689059694825
improved_hrp_good_state_offense,current,BIL,taa_10m_sma,0.0
improved_hrp_good_state_offense,current,SPY,overlay_cash,0.0
improved_hrp_good_state_offense,current,SPY,dual_momentum_topn,0.04728670930089111
improved_hrp_good_state_offense,current,SPY,cta_trend_long_only,0.005091922393900017
improved_hrp_good_state_offense,current,SPY,composite_selective_signals,0.0
improved_hrp_good_state_offense,current,SPY,composite_regime_conditioned,0.0
improved_hrp_good_state_offense,current,SPY,taa_10m_sma,0.0
improved_hrp_layer3_expression_relax,current,BIL,overlay_cash,0.07999999999999985
improved_hrp_layer3_expression_relax,current,BIL,dual_momentum_topn,0.0
improved_hrp_layer3_expression_relax,current,BIL,cta_trend_long_only,0.0
improved_hrp_layer3_expression_relax,current,BIL,composite_selective_signals,0.0
improved_hrp_layer3_expression_relax,current,BIL,composite_regime_conditioned,0.11993689059694825
improved_hrp_layer3_expression_relax,current,BIL,taa_10m_sma,0.0
improved_hrp_layer3_expression_relax,current,SPY,overlay_cash,0.0
improved_hrp_layer3_expression_relax,current,SPY,dual_momentum_topn,0.04728670930089111
improved_hrp_layer3_expression_relax,current,SPY,cta_trend_long_only,0.005091922393900017
improved_hrp_layer3_expression_relax,current,SPY,composite_selective_signals,0.0
improved_hrp_layer3_expression_relax,current,SPY,composite_regime_conditioned,0.0
improved_hrp_layer3_expression_relax,current,SPY,taa_10m_sma,0.0
improved_hrp_fragile_expression,current,BIL,overlay_cash,0.07999999999999985
improved_hrp_fragile_expression,current,BIL,dual_momentum_topn,0.0
improved_hrp_fragile_expression,current,BIL,cta_trend_long_only,0.0
improved_hrp_fragile_expression,current,BIL,composite_selective_signals,0.0
improved_hrp_fragile_expression,current,BIL,composite_regime_conditioned,0.11993689059694825
improved_hrp_fragile_expression,current,BIL,taa_10m_sma,0.0
improved_hrp_fragile_expression,current,SPY,overlay_cash,0.0
improved_hrp_fragile_expression,current,SPY,dual_momentum_topn,0.04728670930089111
improved_hrp_fragile_expression,current,SPY,cta_trend_long_only,0.005091922393900017
improved_hrp_fragile_expression,current,SPY,composite_selective_signals,0.0
improved_hrp_fragile_expression,current,SPY,composite_regime_conditioned,0.0
improved_hrp_fragile_expression,current,SPY,taa_10m_sma,0.0
improved_hrp_neutral_ease_beta_diag,current,BIL,overlay_cash,0.07999999999999985
improved_hrp_neutral_ease_beta_diag,current,BIL,dual_momentum_topn,0.0
improved_hrp_neutral_ease_beta_diag,current,BIL,cta_trend_long_only,0.0
improved_hrp_neutral_ease_beta_diag,current,BIL,composite_selective_signals,0.0
improved_hrp_neutral_ease_beta_diag,current,BIL,composite_regime_conditioned,0.11993689059694825
improved_hrp_neutral_ease_beta_diag,current,BIL,taa_10m_sma,0.0
improved_hrp_neutral_ease_beta_diag,current,SPY,overlay_cash,0.0
improved_hrp_neutral_ease_beta_diag,current,SPY,dual_momentum_topn,0.04728670930089111
improved_hrp_neutral_ease_beta_diag,current,SPY,cta_trend_long_only,0.005091922393900017
improved_hrp_neutral_ease_beta_diag,current,SPY,composite_selective_signals,0.0
improved_hrp_neutral_ease_beta_diag,current,SPY,composite_regime_conditioned,0.0
improved_hrp_neutral_ease_beta_diag,current,SPY,taa_10m_sma,0.0
improved_hrp_good_state_fragile_combo,current,BIL,overlay_cash,0.07999999999999985
improved_hrp_good_state_fragile_combo,current,BIL,dual_momentum_topn,0.0
improved_hrp_good_state_fragile_combo,current,BIL,cta_trend_long_only,0.0
improved_hrp_good_state_fragile_combo,current,BIL,composite_selective_signals,0.0
improved_hrp_good_state_fragile_combo,current,BIL,composite_regime_conditioned,0.11993689059694825
improved_hrp_good_state_fragile_combo,current,BIL,taa_10m_sma,0.0
improved_hrp_good_state_fragile_combo,current,SPY,overlay_cash,0.0
improved_hrp_good_state_fragile_combo,current,SPY,dual_momentum_topn,0.04728670930089111
improved_hrp_good_state_fragile_combo,current,SPY,cta_trend_long_only,0.005091922393900017
improved_hrp_good_state_fragile_combo,current,SPY,composite_selective_signals,0.0
improved_hrp_good_state_fragile_combo,current,SPY,composite_regime_conditioned,0.0
improved_hrp_good_state_fragile_combo,current,SPY,taa_10m_sma,0.0
improved_hrp_good_state_transition_aware,current,BIL,overlay_cash,0.07999999999999985
improved_hrp_good_state_transition_aware,current,BIL,dual_momentum_topn,0.0
improved_hrp_good_state_transition_aware,current,BIL,cta_trend_long_only,0.0
improved_hrp_good_state_transition_aware,current,BIL,composite_selective_signals,0.0
improved_hrp_good_state_transition_aware,current,BIL,composite_regime_conditioned,0.11993689059694825
improved_hrp_good_state_transition_aware,current,BIL,taa_10m_sma,0.0
improved_hrp_good_state_transition_aware,current,SPY,overlay_cash,0.0
improved_hrp_good_state_transition_aware,current,SPY,dual_momentum_topn,0.04728670930089111
improved_hrp_good_state_transition_aware,current,SPY,cta_trend_long_only,0.005091922393900017
improved_hrp_good_state_transition_aware,current,SPY,composite_selective_signals,0.0
improved_hrp_good_state_transition_aware,current,SPY,composite_regime_conditioned,0.0
improved_hrp_good_state_transition_aware,current,SPY,taa_10m_sma,0.0
improved_hrp_good_state_stabilizer,current,BIL,overlay_cash,0.07999999999999985
improved_hrp_good_state_stabilizer,current,BIL,dual_momentum_topn,0.0
improved_hrp_good_state_stabilizer,current,BIL,cta_trend_long_only,0.0
improved_hrp_good_state_stabilizer,current,BIL,composite_selective_signals,0.0
improved_hrp_good_state_stabilizer,current,BIL,composite_regime_conditioned,0.11993689059694825
improved_hrp_good_state_stabilizer,current,BIL,taa_10m_sma,0.0
improved_hrp_good_state_stabilizer,current,SPY,overlay_cash,0.0
improved_hrp_good_state_stabilizer,current,SPY,dual_momentum_topn,0.04728670930089111
improved_hrp_good_state_stabilizer,current,SPY,cta_trend_long_only,0.005091922393900017
improved_hrp_good_state_stabilizer,current,SPY,composite_selective_signals,0.0
improved_hrp_good_state_stabilizer,current,SPY,composite_regime_conditioned,0.0
improved_hrp_good_state_stabilizer,current,SPY,taa_10m_sma,0.0
improved_hrp_good_state_strong_offense,current,BIL,overlay_cash,0.07999999999999985
improved_hrp_good_state_strong_offense,current,BIL,dual_momentum_topn,0.0
improved_hrp_good_state_strong_offense,current,BIL,cta_trend_long_only,0.0
improved_hrp_good_state_strong_offense,current,BIL,composite_selective_signals,0.0
improved_hrp_good_state_strong_offense,current,BIL,composite_regime_conditioned,0.11993689059694825
improved_hrp_good_state_strong_offense,current,BIL,taa_10m_sma,0.0
improved_hrp_good_state_strong_offense,current,SPY,overlay_cash,0.0
improved_hrp_good_state_strong_offense,current,SPY,dual_momentum_topn,0.04728670930089111
improved_hrp_good_state_strong_offense,current,SPY,cta_trend_long_only,0.005091922393900017
improved_hrp_good_state_strong_offense,current,SPY,composite_selective_signals,0.0
improved_hrp_good_state_strong_offense,current,SPY,composite_regime_conditioned,0.0
improved_hrp_good_state_strong_offense,current,SPY,taa_10m_sma,0.0
improved_hrp_good_state_mix_rotation,current,BIL,overlay_cash,0.07999999999999985
improved_hrp_good_state_mix_rotation,current,BIL,dual_momentum_topn,0.0
improved_hrp_good_state_mix_rotation,current,BIL,cta_trend_long_only,0.0
improved_hrp_good_state_mix_rotation,current,BIL,composite_selective_signals,0.0
improved_hrp_good_state_mix_rotation,current,BIL,composite_regime_conditioned,0.11993689059694825
improved_hrp_good_state_mix_rotation,current,BIL,taa_10m_sma,0.0
improved_hrp_good_state_mix_rotation,current,SPY,overlay_cash,0.0
improved_hrp_good_state_mix_rotation,current,SPY,dual_momentum_topn,0.04728670930089111
improved_hrp_good_state_mix_rotation,current,SPY,cta_trend_long_only,0.005091922393900017
improved_hrp_good_state_mix_rotation,current,SPY,composite_selective_signals,0.0
improved_hrp_good_state_mix_rotation,current,SPY,composite_regime_conditioned,0.0
improved_hrp_good_state_mix_rotation,current,SPY,taa_10m_sma,0.0
improved_hrp_good_state_combo_plus,current,BIL,overlay_cash,0.07999999999999985
improved_hrp_good_state_combo_plus,current,BIL,dual_momentum_topn,0.0
improved_hrp_good_state_combo_plus,current,BIL,cta_trend_long_only,0.0
improved_hrp_good_state_combo_plus,current,BIL,composite_selective_signals,0.0
improved_hrp_good_state_combo_plus,current,BIL,composite_regime_conditioned,0.11993689059694825
improved_hrp_good_state_combo_plus,current,BIL,taa_10m_sma,0.0
improved_hrp_good_state_combo_plus,current,SPY,overlay_cash,0.0
improved_hrp_good_state_combo_plus,current,SPY,dual_momentum_topn,0.04728670930089111
improved_hrp_good_state_combo_plus,current,SPY,cta_trend_long_only,0.005091922393900017
improved_hrp_good_state_combo_plus,current,SPY,composite_selective_signals,0.0
improved_hrp_good_state_combo_plus,current,SPY,composite_regime_conditioned,0.0
improved_hrp_good_state_combo_plus,current,SPY,taa_10m_sma,0.0
improved_hrp_stacked_defense_continuous_overlay,current,BIL,overlay_cash,0.07999999999999985
improved_hrp_stacked_defense_continuous_overlay,current,BIL,dual_momentum_topn,0.0
improved_hrp_stacked_defense_continuous_overlay,current,BIL,cta_trend_long_only,0.0
improved_hrp_stacked_defense_continuous_overlay,current,BIL,composite_selective_signals,0.0
improved_hrp_stacked_defense_continuous_overlay,current,BIL,composite_regime_conditioned,0.11993689059694825
improved_hrp_stacked_defense_continuous_overlay,current,BIL,taa_10m_sma,0.0
improved_hrp_stacked_defense_continuous_overlay,current,SPY,overlay_cash,0.0
improved_hrp_stacked_defense_continuous_overlay,current,SPY,dual_momentum_topn,0.04728670930089111
improved_hrp_stacked_defense_continuous_overlay,current,SPY,cta_trend_long_only,0.005091922393900017
improved_hrp_stacked_defense_continuous_overlay,current,SPY,composite_selective_signals,0.0
improved_hrp_stacked_defense_continuous_overlay,current,SPY,composite_regime_conditioned,0.0
improved_hrp_stacked_defense_continuous_overlay,current,SPY,taa_10m_sma,0.0
improved_hrp_stacked_defense_self_gated_overlay,current,BIL,overlay_cash,0.05723326728999256
improved_hrp_stacked_defense_self_gated_overlay,current,BIL,dual_momentum_topn,0.0
improved_hrp_stacked_defense_self_gated_overlay,current,BIL,cta_trend_long_only,0.0
improved_hrp_stacked_defense_self_gated_overlay,current,BIL,composite_selective_signals,0.0
improved_hrp_stacked_defense_self_gated_overlay,current,BIL,composite_regime_conditioned,0.11993689059694825
improved_hrp_stacked_defense_self_gated_overlay,current,BIL,taa_10m_sma,0.0
improved_hrp_stacked_defense_self_gated_overlay,current,SPY,overlay_cash,0.0
improved_hrp_stacked_defense_self_gated_overlay,current,SPY,dual_momentum_topn,0.04934265318353854
improved_hrp_stacked_defense_self_gated_overlay,current,SPY,cta_trend_long_only,0.005313310324069584
improved_hrp_stacked_defense_self_gated_overlay,current,SPY,composite_selective_signals,0.0
improved_hrp_stacked_defense_self_gated_overlay,current,SPY,composite_regime_conditioned,0.0
improved_hrp_stacked_defense_self_gated_overlay,current,SPY,taa_10m_sma,0.0
improved_hrp_stacked_defense_asymmetric_speed,current,BIL,overlay_cash,0.07999999999999985
improved_hrp_stacked_defense_asymmetric_speed,current,BIL,dual_momentum_topn,0.0
improved_hrp_stacked_defense_asymmetric_speed,current,BIL,cta_trend_long_only,0.0
improved_hrp_stacked_defense_asymmetric_speed,current,BIL,composite_selective_signals,0.0
improved_hrp_stacked_defense_asymmetric_speed,current,BIL,composite_regime_conditioned,0.11993689059694825
improved_hrp_stacked_defense_asymmetric_speed,current,BIL,taa_10m_sma,0.0
improved_hrp_stacked_defense_asymmetric_speed,current,SPY,overlay_cash,0.0
improved_hrp_stacked_defense_asymmetric_speed,current,SPY,dual_momentum_topn,0.04728670930089111
improved_hrp_stacked_defense_asymmetric_speed,current,SPY,cta_trend_long_only,0.005091922393900017
improved_hrp_stacked_defense_asymmetric_speed,current,SPY,composite_selective_signals,0.0
improved_hrp_stacked_defense_asymmetric_speed,current,SPY,composite_regime_conditioned,0.0
improved_hrp_stacked_defense_asymmetric_speed,current,SPY,taa_10m_sma,0.0
improved_hrp_stacked_defense_continuous_self_gated_combo,current,BIL,overlay_cash,0.05723326728999256
improved_hrp_stacked_defense_continuous_self_gated_combo,current,BIL,dual_momentum_topn,0.0
improved_hrp_stacked_defense_continuous_self_gated_combo,current,BIL,cta_trend_long_only,0.0
improved_hrp_stacked_defense_continuous_self_gated_combo,current,BIL,composite_selective_signals,0.0
improved_hrp_stacked_defense_continuous_self_gated_combo,current,BIL,composite_regime_conditioned,0.11993689059694825
improved_hrp_stacked_defense_continuous_self_gated_combo,current,BIL,taa_10m_sma,0.0
improved_hrp_stacked_defense_continuous_self_gated_combo,current,SPY,overlay_cash,0.0
improved_hrp_stacked_defense_continuous_self_gated_combo,current,SPY,dual_momentum_topn,0.04934265318353854
improved_hrp_stacked_defense_continuous_self_gated_combo,current,SPY,cta_trend_long_only,0.005313310324069584
improved_hrp_stacked_defense_continuous_self_gated_combo,current,SPY,composite_selective_signals,0.0
improved_hrp_stacked_defense_continuous_self_gated_combo,current,SPY,composite_regime_conditioned,0.0
improved_hrp_stacked_defense_continuous_self_gated_combo,current,SPY,taa_10m_sma,0.0
improved_hrp_self_gated_relief_targeted,current,BIL,overlay_cash,0.06406328710299469
improved_hrp_self_gated_relief_targeted,current,BIL,dual_momentum_topn,0.0
improved_hrp_self_gated_relief_targeted,current,BIL,cta_trend_long_only,0.0
improved_hrp_self_gated_relief_targeted,current,BIL,composite_selective_signals,0.0
improved_hrp_self_gated_relief_targeted,current,BIL,composite_regime_conditioned,0.11993689059694825
improved_hrp_self_gated_relief_targeted,current,BIL,taa_10m_sma,0.0
improved_hrp_self_gated_relief_targeted,current,SPY,overlay_cash,0.0
improved_hrp_self_gated_relief_targeted,current,SPY,dual_momentum_topn,0.048725870018744316
improved_hrp_self_gated_relief_targeted,current,SPY,cta_trend_long_only,0.005246893945018714
improved_hrp_self_gated_relief_targeted,current,SPY,composite_selective_signals,0.0
improved_hrp_self_gated_relief_targeted,current,SPY,composite_regime_conditioned,0.0
improved_hrp_self_gated_relief_targeted,current,SPY,taa_10m_sma,0.0
improved_hrp_continuous_overlay_careful,current,BIL,overlay_cash,0.07999999999999985
improved_hrp_continuous_overlay_careful,current,BIL,dual_momentum_topn,0.0
improved_hrp_continuous_overlay_careful,current,BIL,cta_trend_long_only,0.0
improved_hrp_continuous_overlay_careful,current,BIL,composite_selective_signals,0.0
improved_hrp_continuous_overlay_careful,current,BIL,composite_regime_conditioned,0.11993689059694825
improved_hrp_continuous_overlay_careful,current,BIL,taa_10m_sma,0.0
improved_hrp_continuous_overlay_careful,current,SPY,overlay_cash,0.0
improved_hrp_continuous_overlay_careful,current,SPY,dual_momentum_topn,0.04728670930089111
improved_hrp_continuous_overlay_careful,current,SPY,cta_trend_long_only,0.005091922393900017
improved_hrp_continuous_overlay_careful,current,SPY,composite_selective_signals,0.0
improved_hrp_continuous_overlay_careful,current,SPY,composite_regime_conditioned,0.0
improved_hrp_continuous_overlay_careful,current,SPY,taa_10m_sma,0.0
improved_hrp_targeted_relief_continuous_combo,current,BIL,overlay_cash,0.06406328710299469
improved_hrp_targeted_relief_continuous_combo,current,BIL,dual_momentum_topn,0.0
improved_hrp_targeted_relief_continuous_combo,current,BIL,cta_trend_long_only,0.0
improved_hrp_targeted_relief_continuous_combo,current,BIL,composite_selective_signals,0.0
improved_hrp_targeted_relief_continuous_combo,current,BIL,composite_regime_conditioned,0.11993689059694825
improved_hrp_targeted_relief_continuous_combo,current,BIL,taa_10m_sma,0.0
improved_hrp_targeted_relief_continuous_combo,current,SPY,overlay_cash,0.0
improved_hrp_targeted_relief_continuous_combo,current,SPY,dual_momentum_topn,0.048725870018744316
improved_hrp_targeted_relief_continuous_combo,current,SPY,cta_trend_long_only,0.005246893945018714
improved_hrp_targeted_relief_continuous_combo,current,SPY,composite_selective_signals,0.0
improved_hrp_targeted_relief_continuous_combo,current,SPY,composite_regime_conditioned,0.0
improved_hrp_targeted_relief_continuous_combo,current,SPY,taa_10m_sma,0.0
improved_hrp_separate_canary_proxy,current,BIL,overlay_cash,0.07000000000000006
improved_hrp_separate_canary_proxy,current,BIL,dual_momentum_topn,0.0
improved_hrp_separate_canary_proxy,current,BIL,cta_trend_long_only,0.0
improved_hrp_separate_canary_proxy,current,BIL,composite_selective_signals,0.0
improved_hrp_separate_canary_proxy,current,BIL,composite_regime_conditioned,0.1212405524512629
improved_hrp_separate_canary_proxy,current,BIL,taa_10m_sma,0.0
improved_hrp_separate_canary_proxy,current,SPY,overlay_cash,0.0
improved_hrp_separate_canary_proxy,current,SPY,dual_momentum_topn,0.047800695271552965
improved_hrp_separate_canary_proxy,current,SPY,cta_trend_long_only,0.005147269376442409
improved_hrp_separate_canary_proxy,current,SPY,composite_selective_signals,0.0
improved_hrp_separate_canary_proxy,current,SPY,composite_regime_conditioned,0.0
improved_hrp_separate_canary_proxy,current,SPY,taa_10m_sma,0.0
improved_hrp_threshold_recentering,current,BIL,overlay_cash,0.07999999999999985
improved_hrp_threshold_recentering,current,BIL,dual_momentum_topn,0.0
improved_hrp_threshold_recentering,current,BIL,cta_trend_long_only,0.0
improved_hrp_threshold_recentering,current,BIL,composite_selective_signals,0.0
improved_hrp_threshold_recentering,current,BIL,composite_regime_conditioned,0.11993689059694825
improved_hrp_threshold_recentering,current,BIL,taa_10m_sma,0.0
improved_hrp_threshold_recentering,current,SPY,overlay_cash,0.0
improved_hrp_threshold_recentering,current,SPY,dual_momentum_topn,0.04728670930089111
improved_hrp_threshold_recentering,current,SPY,cta_trend_long_only,0.005091922393900017
improved_hrp_threshold_recentering,current,SPY,composite_selective_signals,0.0
improved_hrp_threshold_recentering,current,SPY,composite_regime_conditioned,0.0
improved_hrp_threshold_recentering,current,SPY,taa_10m_sma,0.0
improved_hrp_trend_horizon_ensemble,current,BIL,overlay_cash,0.07999999999999985
improved_hrp_trend_horizon_ensemble,current,BIL,dual_momentum_topn,0.0
improved_hrp_trend_horizon_ensemble,current,BIL,cta_trend_long_only,0.0
improved_hrp_trend_horizon_ensemble,current,BIL,composite_selective_trend_ensemble,0.0
improved_hrp_trend_horizon_ensemble,current,BIL,composite_regime_conditioned,0.11993689059694825
improved_hrp_trend_horizon_ensemble,current,BIL,taa_10m_sma,0.0
improved_hrp_trend_horizon_ensemble,current,SPY,overlay_cash,0.0
improved_hrp_trend_horizon_ensemble,current,SPY,dual_momentum_topn,0.04728670930089111
improved_hrp_trend_horizon_ensemble,current,SPY,cta_trend_long_only,0.005091922393900017
improved_hrp_trend_horizon_ensemble,current,SPY,composite_selective_trend_ensemble,0.0
improved_hrp_trend_horizon_ensemble,current,SPY,composite_regime_conditioned,0.0
improved_hrp_trend_horizon_ensemble,current,SPY,taa_10m_sma,0.0
improved_hrp_cta_vol_managed_local,current,BIL,overlay_cash,0.07999999999999985
improved_hrp_cta_vol_managed_local,current,BIL,dual_momentum_topn,0.0
improved_hrp_cta_vol_managed_local,current,BIL,composite_selective_signals,0.0
improved_hrp_cta_vol_managed_local,current,BIL,composite_regime_conditioned,0.18217335436952325
improved_hrp_cta_vol_managed_local,current,BIL,taa_10m_sma,0.0
improved_hrp_cta_vol_managed_local,current,SPY,overlay_cash,0.0
improved_hrp_cta_vol_managed_local,current,SPY,dual_momentum_topn,0.04266510358390547
improved_hrp_cta_vol_managed_local,current,SPY,composite_selective_signals,0.0
improved_hrp_cta_vol_managed_local,current,SPY,composite_regime_conditioned,0.0
improved_hrp_cta_vol_managed_local,current,SPY,taa_10m_sma,0.0
improved_hrp_non_self_gated_relief_narrow,current,BIL,overlay_cash,0.06406328710299469
improved_hrp_non_self_gated_relief_narrow,current,BIL,dual_momentum_topn,0.0
improved_hrp_non_self_gated_relief_narrow,current,BIL,cta_trend_long_only,0.0
improved_hrp_non_self_gated_relief_narrow,current,BIL,composite_selective_signals,0.0
improved_hrp_non_self_gated_relief_narrow,current,BIL,composite_regime_conditioned,0.11993689059694825
improved_hrp_non_self_gated_relief_narrow,current,BIL,taa_10m_sma,0.0
improved_hrp_non_self_gated_relief_narrow,current,SPY,overlay_cash,0.0
improved_hrp_non_self_gated_relief_narrow,current,SPY,dual_momentum_topn,0.048725870018744316
improved_hrp_non_self_gated_relief_narrow,current,SPY,cta_trend_long_only,0.005246893945018714
improved_hrp_non_self_gated_relief_narrow,current,SPY,composite_selective_signals,0.0
improved_hrp_non_self_gated_relief_narrow,current,SPY,composite_regime_conditioned,0.0
improved_hrp_non_self_gated_relief_narrow,current,SPY,taa_10m_sma,0.0
improved_hrp_non_self_gated_relief_flat,current,BIL,overlay_cash,0.06406328710299469
improved_hrp_non_self_gated_relief_flat,current,BIL,dual_momentum_topn,0.0
improved_hrp_non_self_gated_relief_flat,current,BIL,cta_trend_long_only,0.0
improved_hrp_non_self_gated_relief_flat,current,BIL,composite_selective_signals,0.0
improved_hrp_non_self_gated_relief_flat,current,BIL,composite_regime_conditioned,0.11993689059694825
improved_hrp_non_self_gated_relief_flat,current,BIL,taa_10m_sma,0.0
improved_hrp_non_self_gated_relief_flat,current,SPY,overlay_cash,0.0
improved_hrp_non_self_gated_relief_flat,current,SPY,dual_momentum_topn,0.048725870018744316
improved_hrp_non_self_gated_relief_flat,current,SPY,cta_trend_long_only,0.005246893945018714
improved_hrp_non_self_gated_relief_flat,current,SPY,composite_selective_signals,0.0
improved_hrp_non_self_gated_relief_flat,current,SPY,composite_regime_conditioned,0.0
improved_hrp_non_self_gated_relief_flat,current,SPY,taa_10m_sma,0.0
improved_hrp_non_self_gated_relief_narrow_plus_confirmed,current,BIL,overlay_cash,0.058893306915996924
improved_hrp_non_self_gated_relief_narrow_plus_confirmed,current,BIL,dual_momentum_topn,0.0
improved_hrp_non_self_gated_relief_narrow_plus_confirmed,current,BIL,cta_trend_long_only,0.0
improved_hrp_non_self_gated_relief_narrow_plus_confirmed,current,BIL,composite_selective_signals,0.0
improved_hrp_non_self_gated_relief_narrow_plus_confirmed,current,BIL,composite_regime_conditioned,0.12150128482212583
improved_hrp_non_self_gated_relief_narrow_plus_confirmed,current,BIL,taa_10m_sma,0.0
improved_hrp_non_self_gated_relief_narrow_plus_confirmed,current,SPY,overlay_cash,0.0
improved_hrp_non_self_gated_relief_narrow_plus_confirmed,current,SPY,dual_momentum_topn,0.048725870018744316
improved_hrp_non_self_gated_relief_narrow_plus_confirmed,current,SPY,cta_trend_long_only,0.005246893945018714
improved_hrp_non_self_gated_relief_narrow_plus_confirmed,current,SPY,composite_selective_signals,0.0
improved_hrp_non_self_gated_relief_narrow_plus_confirmed,current,SPY,composite_regime_conditioned,0.0
improved_hrp_non_self_gated_relief_narrow_plus_confirmed,current,SPY,taa_10m_sma,0.0
improved_hrp_confirmed_leadership,current,BIL,overlay_cash,0.05794959538505662
improved_hrp_confirmed_leadership,current,BIL,dual_momentum_topn,0.0
improved_hrp_confirmed_leadership,current,BIL,cta_trend_long_only,0.0
improved_hrp_confirmed_leadership,current,BIL,composite_selective_signals,0.0
improved_hrp_confirmed_leadership,current,BIL,composite_regime_conditioned,0.11984332376572257
improved_hrp_confirmed_leadership,current,BIL,taa_10m_sma,0.0
improved_hrp_confirmed_leadership,current,SPY,overlay_cash,0.0
improved_hrp_confirmed_leadership,current,SPY,dual_momentum_topn,0.042213024168063634
improved_hrp_confirmed_leadership,current,SPY,cta_trend_long_only,0.005802866006657976
improved_hrp_confirmed_leadership,current,SPY,composite_selective_signals,0.0
improved_hrp_confirmed_leadership,current,SPY,composite_regime_conditioned,0.0
improved_hrp_confirmed_leadership,current,SPY,taa_10m_sma,0.0
improved_hrp_calm_confirmed_leadership,current,BIL,overlay_cash,0.05794959538505662
improved_hrp_calm_confirmed_leadership,current,BIL,dual_momentum_topn,0.0
improved_hrp_calm_confirmed_leadership,current,BIL,cta_trend_long_only,0.0
improved_hrp_calm_confirmed_leadership,current,BIL,composite_selective_signals,0.0
improved_hrp_calm_confirmed_leadership,current,BIL,composite_regime_conditioned,0.11984332376572257
improved_hrp_calm_confirmed_leadership,current,BIL,taa_10m_sma,0.0
improved_hrp_calm_confirmed_leadership,current,SPY,overlay_cash,0.0
improved_hrp_calm_confirmed_leadership,current,SPY,dual_momentum_topn,0.042213024168063634
improved_hrp_calm_confirmed_leadership,current,SPY,cta_trend_long_only,0.005802866006657976
improved_hrp_calm_confirmed_leadership,current,SPY,composite_selective_signals,0.0
improved_hrp_calm_confirmed_leadership,current,SPY,composite_regime_conditioned,0.0
improved_hrp_calm_confirmed_leadership,current,SPY,taa_10m_sma,0.0
improved_hrp_calm_confirmed_fragile_leadership,current,BIL,overlay_cash,0.05794959538505662
improved_hrp_calm_confirmed_fragile_leadership,current,BIL,dual_momentum_topn,0.0
improved_hrp_calm_confirmed_fragile_leadership,current,BIL,cta_trend_long_only,0.0
improved_hrp_calm_confirmed_fragile_leadership,current,BIL,composite_selective_signals,0.0
improved_hrp_calm_confirmed_fragile_leadership,current,BIL,composite_regime_conditioned,0.11984332376572257
improved_hrp_calm_confirmed_fragile_leadership,current,BIL,taa_10m_sma,0.0
improved_hrp_calm_confirmed_fragile_leadership,current,SPY,overlay_cash,0.0
improved_hrp_calm_confirmed_fragile_leadership,current,SPY,dual_momentum_topn,0.042213024168063634
improved_hrp_calm_confirmed_fragile_leadership,current,SPY,cta_trend_long_only,0.005802866006657976
improved_hrp_calm_confirmed_fragile_leadership,current,SPY,composite_selective_signals,0.0
improved_hrp_calm_confirmed_fragile_leadership,current,SPY,composite_regime_conditioned,0.0
improved_hrp_calm_confirmed_fragile_leadership,current,SPY,taa_10m_sma,0.0
improved_hrp_overlay_cash_wider_cap,current,BIL,overlay_cash,0.058893306915996924
improved_hrp_overlay_cash_wider_cap,current,BIL,dual_momentum_topn,0.0
improved_hrp_overlay_cash_wider_cap,current,BIL,cta_trend_long_only,0.0
improved_hrp_overlay_cash_wider_cap,current,BIL,composite_selective_signals,0.0
improved_hrp_overlay_cash_wider_cap,current,BIL,composite_regime_conditioned,0.12150128482212583
improved_hrp_overlay_cash_wider_cap,current,BIL,taa_10m_sma,0.0
improved_hrp_overlay_cash_wider_cap,current,SPY,overlay_cash,0.0
improved_hrp_overlay_cash_wider_cap,current,SPY,dual_momentum_topn,0.048725870018744316
improved_hrp_overlay_cash_wider_cap,current,SPY,cta_trend_long_only,0.005246893945018714
improved_hrp_overlay_cash_wider_cap,current,SPY,composite_selective_signals,0.0
improved_hrp_overlay_cash_wider_cap,current,SPY,composite_regime_conditioned,0.0
improved_hrp_overlay_cash_wider_cap,current,SPY,taa_10m_sma,0.0
improved_hrp_overlay_cash_wider_cap_persistence_gated,current,BIL,overlay_cash,0.058893306915996924
improved_hrp_overlay_cash_wider_cap_persistence_gated,current,BIL,dual_momentum_topn,0.0
improved_hrp_overlay_cash_wider_cap_persistence_gated,current,BIL,cta_trend_long_only,0.0
improved_hrp_overlay_cash_wider_cap_persistence_gated,current,BIL,composite_selective_signals,0.0
improved_hrp_overlay_cash_wider_cap_persistence_gated,current,BIL,composite_regime_conditioned,0.12150128482212583
improved_hrp_overlay_cash_wider_cap_persistence_gated,current,BIL,taa_10m_sma,0.0
improved_hrp_overlay_cash_wider_cap_persistence_gated,current,SPY,overlay_cash,0.0
improved_hrp_overlay_cash_wider_cap_persistence_gated,current,SPY,dual_momentum_topn,0.048725870018744316
improved_hrp_overlay_cash_wider_cap_persistence_gated,current,SPY,cta_trend_long_only,0.005246893945018714
improved_hrp_overlay_cash_wider_cap_persistence_gated,current,SPY,composite_selective_signals,0.0
improved_hrp_overlay_cash_wider_cap_persistence_gated,current,SPY,composite_regime_conditioned,0.0
improved_hrp_overlay_cash_wider_cap_persistence_gated,current,SPY,taa_10m_sma,0.0
improved_hrp_phase1_dynamic_risk_budget,current,BIL,overlay_cash,0.058930809437330645
improved_hrp_phase1_dynamic_risk_budget,current,BIL,dual_momentum_topn,0.0
improved_hrp_phase1_dynamic_risk_budget,current,BIL,cta_trend_long_only,0.0
improved_hrp_phase1_dynamic_risk_budget,current,BIL,composite_selective_signals,0.0
improved_hrp_phase1_dynamic_risk_budget,current,BIL,composite_regime_conditioned,0.15168248086632724
improved_hrp_phase1_dynamic_risk_budget,current,BIL,taa_10m_sma,0.0
improved_hrp_phase1_dynamic_risk_budget,current,SPY,overlay_cash,0.0
improved_hrp_phase1_dynamic_risk_budget,current,SPY,dual_momentum_topn,0.04378022873530353
improved_hrp_phase1_dynamic_risk_budget,current,SPY,cta_trend_long_only,0.004439716300326714
improved_hrp_phase1_dynamic_risk_budget,current,SPY,composite_selective_signals,0.0
improved_hrp_phase1_dynamic_risk_budget,current,SPY,composite_regime_conditioned,0.0
improved_hrp_phase1_dynamic_risk_budget,current,SPY,taa_10m_sma,0.0
improved_hrp_phase1_continuous_confidence,current,BIL,overlay_cash,0.05716998018699759
improved_hrp_phase1_continuous_confidence,current,BIL,dual_momentum_topn,0.0
improved_hrp_phase1_continuous_confidence,current,BIL,cta_trend_long_only,0.0
improved_hrp_phase1_continuous_confidence,current,BIL,composite_selective_signals,0.0
improved_hrp_phase1_continuous_confidence,current,BIL,composite_regime_conditioned,0.1220227495638517
improved_hrp_phase1_continuous_confidence,current,BIL,taa_10m_sma,0.0
improved_hrp_phase1_continuous_confidence,current,SPY,overlay_cash,0.0
improved_hrp_phase1_continuous_confidence,current,SPY,dual_momentum_topn,0.048725870018744316
improved_hrp_phase1_continuous_confidence,current,SPY,cta_trend_long_only,0.005246893945018714
improved_hrp_phase1_continuous_confidence,current,SPY,composite_selective_signals,0.0
improved_hrp_phase1_continuous_confidence,current,SPY,composite_regime_conditioned,0.0
improved_hrp_phase1_continuous_confidence,current,SPY,taa_10m_sma,0.0
improved_hrp_phase1_confidence_gated,current,BIL,overlay_cash,0.05716998018699759
improved_hrp_phase1_confidence_gated,current,BIL,dual_momentum_topn,0.0
improved_hrp_phase1_confidence_gated,current,BIL,cta_trend_long_only,0.0
improved_hrp_phase1_confidence_gated,current,BIL,composite_selective_signals,0.0
improved_hrp_phase1_confidence_gated,current,BIL,composite_regime_conditioned,0.1220227495638517
improved_hrp_phase1_confidence_gated,current,BIL,taa_10m_sma,0.0
improved_hrp_phase1_confidence_gated,current,SPY,overlay_cash,0.0
improved_hrp_phase1_confidence_gated,current,SPY,dual_momentum_topn,0.048725870018744316
improved_hrp_phase1_confidence_gated,current,SPY,cta_trend_long_only,0.005246893945018714
improved_hrp_phase1_confidence_gated,current,SPY,composite_selective_signals,0.0
improved_hrp_phase1_confidence_gated,current,SPY,composite_regime_conditioned,0.0
improved_hrp_phase1_confidence_gated,current,SPY,taa_10m_sma,0.0
improved_hrp_phase1_internal_redeploy,current,BIL,overlay_cash,0.05872738204912775
improved_hrp_phase1_internal_redeploy,current,BIL,dual_momentum_topn,0.0
improved_hrp_phase1_internal_redeploy,current,BIL,cta_trend_long_only,0.0
improved_hrp_phase1_internal_redeploy,current,BIL,composite_selective_signals,0.0
improved_hrp_phase1_internal_redeploy,current,BIL,composite_regime_conditioned,0.09033271528970603
improved_hrp_phase1_internal_redeploy,current,BIL,taa_10m_sma,0.0
improved_hrp_phase1_internal_redeploy,current,SPY,overlay_cash,0.0
improved_hrp_phase1_internal_redeploy,current,SPY,dual_momentum_topn,0.04955796107461696
improved_hrp_phase1_internal_redeploy,current,SPY,cta_trend_long_only,0.005338571324972661
improved_hrp_phase1_internal_redeploy,current,SPY,composite_selective_signals,0.0
improved_hrp_phase1_internal_redeploy,current,SPY,composite_regime_conditioned,0.0
improved_hrp_phase1_internal_redeploy,current,SPY,taa_10m_sma,0.0
improved_hrp_phase1_leadership,current,BIL,overlay_cash,0.05816419966159492
improved_hrp_phase1_leadership,current,BIL,dual_momentum_topn,0.0
improved_hrp_phase1_leadership,current,BIL,cta_trend_long_only,0.0
improved_hrp_phase1_leadership,current,BIL,composite_selective_signals,0.0
improved_hrp_phase1_leadership,current,BIL,composite_regime_conditioned,0.12139480549078972
improved_hrp_phase1_leadership,current,BIL,taa_10m_sma,0.0
improved_hrp_phase1_leadership,current,SPY,overlay_cash,0.0
improved_hrp_phase1_leadership,current,SPY,dual_momentum_topn,0.042232253456280545
improved_hrp_phase1_leadership,current,SPY,cta_trend_long_only,0.005505048811320691
improved_hrp_phase1_leadership,current,SPY,composite_selective_signals,0.0
improved_hrp_phase1_leadership,current,SPY,composite_regime_conditioned,0.0
improved_hrp_phase1_leadership,current,SPY,taa_10m_sma,0.0
improved_hrp_phase1_combo_f_a_plus_e,current,BIL,overlay_cash,0.058154331109048885
improved_hrp_phase1_combo_f_a_plus_e,current,BIL,dual_momentum_topn,0.0
improved_hrp_phase1_combo_f_a_plus_e,current,BIL,cta_trend_long_only,0.0
improved_hrp_phase1_combo_f_a_plus_e,current,BIL,composite_selective_signals,0.0
improved_hrp_phase1_combo_f_a_plus_e,current,BIL,composite_regime_conditioned,0.13029489772500188
improved_hrp_phase1_combo_f_a_plus_e,current,BIL,taa_10m_sma,0.0
improved_hrp_phase1_combo_f_a_plus_e,current,SPY,overlay_cash,0.0
improved_hrp_phase1_combo_f_a_plus_e,current,SPY,dual_momentum_topn,0.0420319024733642
improved_hrp_phase1_combo_f_a_plus_e,current,SPY,cta_trend_long_only,0.005264072600766048
improved_hrp_phase1_combo_f_a_plus_e,current,SPY,composite_selective_signals,0.0
improved_hrp_phase1_combo_f_a_plus_e,current,SPY,composite_regime_conditioned,0.0
improved_hrp_phase1_combo_f_a_plus_e,current,SPY,taa_10m_sma,0.0
improved_hrp_phase1_combo_g_a_e_d_restricted,current,BIL,overlay_cash,0.0579974769472269
improved_hrp_phase1_combo_g_a_e_d_restricted,current,BIL,dual_momentum_topn,0.0
improved_hrp_phase1_combo_g_a_e_d_restricted,current,BIL,cta_trend_long_only,0.0
improved_hrp_phase1_combo_g_a_e_d_restricted,current,BIL,composite_selective_signals,0.0
improved_hrp_phase1_combo_g_a_e_d_restricted,current,BIL,composite_regime_conditioned,0.1229105370955334
improved_hrp_phase1_combo_g_a_e_d_restricted,current,BIL,taa_10m_sma,0.0
improved_hrp_phase1_combo_g_a_e_d_restricted,current,SPY,overlay_cash,0.0
improved_hrp_phase1_combo_g_a_e_d_restricted,current,SPY,dual_momentum_topn,0.042648366275622726
improved_hrp_phase1_combo_g_a_e_d_restricted,current,SPY,cta_trend_long_only,0.005345070231163193
improved_hrp_phase1_combo_g_a_e_d_restricted,current,SPY,composite_selective_signals,0.0
improved_hrp_phase1_combo_g_a_e_d_restricted,current,SPY,composite_regime_conditioned,0.0
improved_hrp_phase1_combo_g_a_e_d_restricted,current,SPY,taa_10m_sma,0.0
improved_phase2a_erc_dynamic_risk_budget,current,BIL,overlay_cash,0.06208213639350535
improved_phase2a_erc_dynamic_risk_budget,current,BIL,dual_momentum_topn,0.0
improved_phase2a_erc_dynamic_risk_budget,current,BIL,cta_trend_long_only,0.0
improved_phase2a_erc_dynamic_risk_budget,current,BIL,composite_selective_signals,0.0
improved_phase2a_erc_dynamic_risk_budget,current,BIL,composite_regime_conditioned,0.27261
improved_phase2a_erc_dynamic_risk_budget,current,BIL,taa_10m_sma,0.0
improved_phase2a_erc_dynamic_risk_budget,current,SPY,overlay_cash,0.0
improved_phase2a_erc_dynamic_risk_budget,current,SPY,dual_momentum_topn,0.02887767817429535
improved_phase2a_erc_dynamic_risk_budget,current,SPY,cta_trend_long_only,0.0010888909312838403
improved_phase2a_erc_dynamic_risk_budget,current,SPY,composite_selective_signals,0.0
improved_phase2a_erc_dynamic_risk_budget,current,SPY,composite_regime_conditioned,0.0
improved_phase2a_erc_dynamic_risk_budget,current,SPY,taa_10m_sma,0.0
improved_phase2a_principled_continuous_map,current,BIL,overlay_cash,0.05685156660613133
improved_phase2a_principled_continuous_map,current,BIL,dual_momentum_topn,0.0
improved_phase2a_principled_continuous_map,current,BIL,cta_trend_long_only,0.0
improved_phase2a_principled_continuous_map,current,BIL,composite_selective_signals,0.0
improved_phase2a_principled_continuous_map,current,BIL,composite_regime_conditioned,0.15246367819267745
improved_phase2a_principled_continuous_map,current,BIL,taa_10m_sma,0.0
improved_phase2a_principled_continuous_map,current,SPY,overlay_cash,0.0
improved_phase2a_principled_continuous_map,current,SPY,dual_momentum_topn,0.04378022873530353
improved_phase2a_principled_continuous_map,current,SPY,cta_trend_long_only,0.004439716300326714
improved_phase2a_principled_continuous_map,current,SPY,composite_selective_signals,0.0
improved_phase2a_principled_continuous_map,current,SPY,composite_regime_conditioned,0.0
improved_phase2a_principled_continuous_map,current,SPY,taa_10m_sma,0.0
improved_phase2a_herc_dynamic_risk_budget,current,BIL,overlay_cash,0.06369104351319
improved_phase2a_herc_dynamic_risk_budget,current,BIL,dual_momentum_topn,0.0
improved_phase2a_herc_dynamic_risk_budget,current,BIL,cta_trend_long_only,0.0
improved_phase2a_herc_dynamic_risk_budget,current,BIL,composite_selective_signals,0.0
improved_phase2a_herc_dynamic_risk_budget,current,BIL,composite_regime_conditioned,0.25149851775876464
improved_phase2a_herc_dynamic_risk_budget,current,BIL,taa_10m_sma,0.0
improved_phase2a_herc_dynamic_risk_budget,current,SPY,overlay_cash,0.0
improved_phase2a_herc_dynamic_risk_budget,current,SPY,dual_momentum_topn,0.024997210183635557
improved_phase2a_herc_dynamic_risk_budget,current,SPY,cta_trend_long_only,0.0021547713833182276
improved_phase2a_herc_dynamic_risk_budget,current,SPY,composite_selective_signals,0.0
improved_phase2a_herc_dynamic_risk_budget,current,SPY,composite_regime_conditioned,0.0
improved_phase2a_herc_dynamic_risk_budget,current,SPY,taa_10m_sma,0.0
improved_phase2a_combo_erc_plus_principled_continuous,current,BIL,overlay_cash,0.05914977621319939
improved_phase2a_combo_erc_plus_principled_continuous,current,BIL,dual_momentum_topn,0.0
improved_phase2a_combo_erc_plus_principled_continuous,current,BIL,cta_trend_long_only,0.0
improved_phase2a_combo_erc_plus_principled_continuous,current,BIL,composite_selective_signals,0.0
improved_phase2a_combo_erc_plus_principled_continuous,current,BIL,composite_regime_conditioned,0.27401400000000004
improved_phase2a_combo_erc_plus_principled_continuous,current,BIL,taa_10m_sma,0.0
improved_phase2a_combo_erc_plus_principled_continuous,current,SPY,overlay_cash,0.0
improved_phase2a_combo_erc_plus_principled_continuous,current,SPY,dual_momentum_topn,0.028301910186895332
improved_phase2a_combo_erc_plus_principled_continuous,current,SPY,cta_trend_long_only,0.001069594491712241
improved_phase2a_combo_erc_plus_principled_continuous,current,SPY,composite_selective_signals,0.0
improved_phase2a_combo_erc_plus_principled_continuous,current,SPY,composite_regime_conditioned,0.0
improved_phase2a_combo_erc_plus_principled_continuous,current,SPY,taa_10m_sma,0.0
improved_phase2a_combo_herc_plus_principled_continuous,current,BIL,overlay_cash,0.060183730459232976
improved_phase2a_combo_herc_plus_principled_continuous,current,BIL,dual_momentum_topn,0.0
improved_phase2a_combo_herc_plus_principled_continuous,current,BIL,cta_trend_long_only,0.0
improved_phase2a_combo_herc_plus_principled_continuous,current,BIL,composite_selective_signals,0.0
improved_phase2a_combo_herc_plus_principled_continuous,current,BIL,composite_regime_conditioned,0.2527937890948613
improved_phase2a_combo_herc_plus_principled_continuous,current,BIL,taa_10m_sma,0.0
improved_phase2a_combo_herc_plus_principled_continuous,current,SPY,overlay_cash,0.0
improved_phase2a_combo_herc_plus_principled_continuous,current,SPY,dual_momentum_topn,0.024997210183635557
improved_phase2a_combo_herc_plus_principled_continuous,current,SPY,cta_trend_long_only,0.0021547713833182276
improved_phase2a_combo_herc_plus_principled_continuous,current,SPY,composite_selective_signals,0.0
improved_phase2a_combo_herc_plus_principled_continuous,current,SPY,composite_regime_conditioned,0.0
improved_phase2a_combo_herc_plus_principled_continuous,current,SPY,taa_10m_sma,0.0
improved_phase2b_regime_confidence_boost,current,BIL,overlay_cash,0.058930809437330645
improved_phase2b_regime_confidence_boost,current,BIL,dual_momentum_topn,0.0
improved_phase2b_regime_confidence_boost,current,BIL,cta_trend_long_only,0.0
improved_phase2b_regime_confidence_boost,current,BIL,composite_selective_signals,0.0
improved_phase2b_regime_confidence_boost,current,BIL,composite_regime_conditioned,0.15168248086632724
improved_phase2b_regime_confidence_boost,current,BIL,taa_10m_sma,0.0
improved_phase2b_regime_confidence_boost,current,SPY,overlay_cash,0.0
improved_phase2b_regime_confidence_boost,current,SPY,dual_momentum_topn,0.04378022873530353
improved_phase2b_regime_confidence_boost,current,SPY,cta_trend_long_only,0.004439716300326714
improved_phase2b_regime_confidence_boost,current,SPY,composite_selective_signals,0.0
improved_phase2b_regime_confidence_boost,current,SPY,composite_regime_conditioned,0.0
improved_phase2b_regime_confidence_boost,current,SPY,taa_10m_sma,0.0
improved_phase2b_transition_quality_gate,current,BIL,overlay_cash,0.058930809437330645
improved_phase2b_transition_quality_gate,current,BIL,dual_momentum_topn,0.0
improved_phase2b_transition_quality_gate,current,BIL,cta_trend_long_only,0.0
improved_phase2b_transition_quality_gate,current,BIL,composite_selective_signals,0.0
improved_phase2b_transition_quality_gate,current,BIL,composite_regime_conditioned,0.15168248086632724
improved_phase2b_transition_quality_gate,current,BIL,taa_10m_sma,0.0
improved_phase2b_transition_quality_gate,current,SPY,overlay_cash,0.0
improved_phase2b_transition_quality_gate,current,SPY,dual_momentum_topn,0.04378022873530353
improved_phase2b_transition_quality_gate,current,SPY,cta_trend_long_only,0.004439716300326714
improved_phase2b_transition_quality_gate,current,SPY,composite_selective_signals,0.0
improved_phase2b_transition_quality_gate,current,SPY,composite_regime_conditioned,0.0
improved_phase2b_transition_quality_gate,current,SPY,taa_10m_sma,0.0
improved_phase2b_tail_risk_suppression,current,BIL,overlay_cash,0.058930809437330645
improved_phase2b_tail_risk_suppression,current,BIL,dual_momentum_topn,0.0
improved_phase2b_tail_risk_suppression,current,BIL,cta_trend_long_only,0.0
improved_phase2b_tail_risk_suppression,current,BIL,composite_selective_signals,0.0
improved_phase2b_tail_risk_suppression,current,BIL,composite_regime_conditioned,0.15168248086632724
improved_phase2b_tail_risk_suppression,current,BIL,taa_10m_sma,0.0
improved_phase2b_tail_risk_suppression,current,SPY,overlay_cash,0.0
improved_phase2b_tail_risk_suppression,current,SPY,dual_momentum_topn,0.04378022873530353
improved_phase2b_tail_risk_suppression,current,SPY,cta_trend_long_only,0.004439716300326714
improved_phase2b_tail_risk_suppression,current,SPY,composite_selective_signals,0.0
improved_phase2b_tail_risk_suppression,current,SPY,composite_regime_conditioned,0.0
improved_phase2b_tail_risk_suppression,current,SPY,taa_10m_sma,0.0
improved_phase2b_combo_ac,current,BIL,overlay_cash,0.058930809437330645
improved_phase2b_combo_ac,current,BIL,dual_momentum_topn,0.0
improved_phase2b_combo_ac,current,BIL,cta_trend_long_only,0.0
improved_phase2b_combo_ac,current,BIL,composite_selective_signals,0.0
improved_phase2b_combo_ac,current,BIL,composite_regime_conditioned,0.15168248086632724
improved_phase2b_combo_ac,current,BIL,taa_10m_sma,0.0
improved_phase2b_combo_ac,current,SPY,overlay_cash,0.0
improved_phase2b_combo_ac,current,SPY,dual_momentum_topn,0.04378022873530353
improved_phase2b_combo_ac,current,SPY,cta_trend_long_only,0.004439716300326714
improved_phase2b_combo_ac,current,SPY,composite_selective_signals,0.0
improved_phase2b_combo_ac,current,SPY,composite_regime_conditioned,0.0
improved_phase2b_combo_ac,current,SPY,taa_10m_sma,0.0
improved_phase2b_combo_abc,current,BIL,overlay_cash,0.058930809437330645
improved_phase2b_combo_abc,current,BIL,dual_momentum_topn,0.0
improved_phase2b_combo_abc,current,BIL,cta_trend_long_only,0.0
improved_phase2b_combo_abc,current,BIL,composite_selective_signals,0.0
improved_phase2b_combo_abc,current,BIL,composite_regime_conditioned,0.15168248086632724
improved_phase2b_combo_abc,current,BIL,taa_10m_sma,0.0
improved_phase2b_combo_abc,current,SPY,overlay_cash,0.0
improved_phase2b_combo_abc,current,SPY,dual_momentum_topn,0.04378022873530353
improved_phase2b_combo_abc,current,SPY,cta_trend_long_only,0.004439716300326714
improved_phase2b_combo_abc,current,SPY,composite_selective_signals,0.0
improved_phase2b_combo_abc,current,SPY,composite_regime_conditioned,0.0
improved_phase2b_combo_abc,current,SPY,taa_10m_sma,0.0
